[
  {
    "IDofBlock": "2863ea3b-8b71-426c-af4f-a8d74bfa4959",
    "RegisteredIDofBlock": "GNq/k8rxGfLApvPaPKDnpCwtY/8MMs7okCrK8rZQ8gNDhSXocUpcHs/nVA18T/cNoUotBQn7rBiCR235eyTm+bMRV6ZE3ab6L9RfzvtRUx1mjgNSP+TPU9PhZow7YmZ9KfXdeFmGlz3Sv8kKbR+Fs2Mlyf6yohEFvgidyv9F844\u003d",
    "timeStamp": "1667358827855.0",
    "B_Number": "13",
    "F_Name": "Wayne",
    "L_Name": "Blaine",
    "DOB": "1942.07.07",
    "ssn_Number": "123-45-6777",
    "Med_Diagnosis": "Measles",
    "Med_Treatment": "WaitToGetBetter",
    "Med_Prex": "CodLiverOil",
    "Hash_Creator": "adf3755f9f1f17d2ea0c6dceff9b07995d40a063c8646b21075699cfd5074267",
    "Hash_Signed_Creator": "OEYkfXXiZanU41D8V0wQONu3B73wULKfpFkrZXu7GriwaIaWWNTNpwqOVqDfRLF8h7o/qtyR4VsbLoZ7hZOx7yVRo+1SujodPvgAPKkaox46ZBdcQHfZltnerig2vZRL5PXG31KMzKlhYJnviEF9EvBDhYLWiytJCNqWLAGzkS0\u003d",
    "Value_of_Previous_Hash": "003A7C889EFC5A2DAF67D5AE9C5A0C9AC50A0A50199243540451606E193931DB",
    "Value_of_Winning_Hash": "15F62AB06C19F6431FD9A351F662D48D8F974725D9D1AEE1F7164923B849156E",
    "Value_of_WinningSigned_Hash": "X/Q+3f6kYubIL4IoG6rcnsVUYprJuKebwdP77+PiVJtBCGwz0bxtYz58nkijiYW2m/VJ7gL/52uzgL7aEkbfhqEOgEwkfcZBSvPFe4GExVDlqFY4xJLN6Yi5I5IncZj6+KwTIG0crNbS1vn4MtvzwV0zyA0yxGQt8/Ye6jD3M+g\u003d",
    "ValueofRandomSeed": "QW0JK7JV",
    "Verify_process_ID": "0",
    "Creating_Process": "0"
  },
  {
    "IDofBlock": "a2ce5076-5087-40e0-80d1-0cc2a88c6610",
    "RegisteredIDofBlock": "qEqbw5yeYuSfTZESVcDYLTtXJ2qI/66Y30QLyut7TSyI5PKmy7Pl1ihDpGOfiWqBwVOaoCNlGU4M0QqVltDN86PEBYseG0WpAw4vpSRZt+QR4cfbjRIGCLB8DDs6crcvM0hu8DdHwaLE6lw2hIrNhaK4uxTrCAZ2M03SMhkJC2U\u003d",
    "timeStamp": "1667358827526.2",
    "B_Number": "12",
    "F_Name": "Joe",
    "L_Name": "DiMaggio",
    "DOB": "1914.11.25",
    "ssn_Number": "111-22-3333",
    "Med_Diagnosis": "SoreKnees",
    "Med_Treatment": "RestFromSports",
    "Med_Prex": "Aspirin",
    "Hash_Creator": "67c897f31a21239ad8855097872103830dd9182aa6675e2cbd053f79b1919b37",
    "Hash_Signed_Creator": "L36pZIjjre9GiftfKsFzb2coMpvdMzbkT1SGUxMvHwt2kI061fngnTxunQ6K13GqUw1ISx9yex1OIlwplG4WCKYHALhnaeDqRxqdm3qxN7jPGEDxVkf0Vk2XAH4hhNQTBq38nZISoPFvkBPaJJOw2K0CfOETtR2i9o5OTjcBMkY\u003d",
    "Value_of_Previous_Hash": "293245302E105A02782D158BCF57B696564EE48032F022FD737A6E2DDD12ACF6",
    "Value_of_Winning_Hash": "003A7C889EFC5A2DAF67D5AE9C5A0C9AC50A0A50199243540451606E193931DB",
    "Value_of_WinningSigned_Hash": "Q4EyzeS+0f0zzcao9fzopP1L62/IGvHPnWWKQ1K/ebxxlLrSN4/fii/pCDjjD+7ILrVSzBcFrxjI+6NQdcJbL2eAarrQVUpUh2Um1ahNE7MddG41Zqg6KS3pcIOq+K0mURZsBGW7GQmjPoryx9mLPYj40VA7762tKvex1Bjtd3k\u003d",
    "ValueofRandomSeed": "6QH3EY1Y",
    "Verify_process_ID": "0",
    "Creating_Process": "2"
  },
  {
    "IDofBlock": "8e4cddd9-467d-4dda-a94c-4e5238eb3c1d",
    "RegisteredIDofBlock": "a63p22H2e3VAINygb5+bs3MDDtof/PnxzcAvSgb6QFDFY1RRPsGNKmzoGyUQaWP0W3sRb/3qe2kfzvRVSfIK674M/oQS6VGpWcF9hl97hyMgtFv/CuAe4+WSonFk3fcftsl1aP9+hBhnOU7w+ULhtbANAOUJB0DwVw6y0OO10Oc\u003d",
    "timeStamp": "1667358826996.1",
    "B_Number": "11",
    "F_Name": "Bruce",
    "L_Name": "Lee",
    "DOB": "1940.11.27",
    "ssn_Number": "456-789-123",
    "Med_Diagnosis": "SoreStomach",
    "Med_Treatment": "LessCombat",
    "Med_Prex": "Vicodine",
    "Hash_Creator": "94ae4b26ef820fd28b1c653c968dd87d97ec12663d06a115a5af0968d7b20df1",
    "Hash_Signed_Creator": "XKKNHmjG+kPylVS4K7KXGkeVpByGoGlXiWbO5Ogh9zD4GZHR6+Aq5BPoF+2tkdDEhq7TbmkhqSQN4GWSytwaIJ3wG3mcywh+N/tdQESGnvQ2+UDC5pyBbIYY+FniEL3UqfQcIGv7MniF81+E/xWsROQ+8DcW7Iw7V5OjVsukQXU\u003d",
    "Value_of_Previous_Hash": "397FA169DC86C40B603FF9A4EB4103C1488A27290AB1B80164FFC0DFB41BD97F",
    "Value_of_Winning_Hash": "293245302E105A02782D158BCF57B696564EE48032F022FD737A6E2DDD12ACF6",
    "Value_of_WinningSigned_Hash": "eJn9Z7bCs5f9Oj4rCfn6t4CnJIP91YCo7baG/fgoAOu0dEEaiQIk0mFY+6jyJZ0v5tbnVkb1U/sAMfuTr7Vt67y+7x19+yt0pU3uTboMfv9cSSDX21OqmhstmzPI4yjh7jMznZTEdjOa0yprH+iKglPG76Mm1Ybyz5QYA2pKiro\u003d",
    "ValueofRandomSeed": "K256PG71",
    "Verify_process_ID": "0",
    "Creating_Process": "1"
  },
  {
    "IDofBlock": "b3da1843-82d9-479d-a314-6ee0672834ee",
    "RegisteredIDofBlock": "q46HHsOvsZBgWJ1YdmWnoMV6lIrohD/OxE4as4MpAm6JAPCPK/kzC+l7cHGiDsMM4is4eASCqMBD87juJ0aOPlrAAjKaRawvciW6ou/QzRKTW5SHmcjZIL5t3xe2Dj3AGhiFAcy61JI/Sr3Nq6yQDt9vhgNMDumfF3kWC+gCY80\u003d",
    "timeStamp": "1667358826840.0",
    "B_Number": "10",
    "F_Name": "Julie",
    "L_Name": "Wilson",
    "DOB": "1996.03.07",
    "ssn_Number": "123-45-6999",
    "Med_Diagnosis": "Insomnia",
    "Med_Treatment": "Exercise",
    "Med_Prex": "HotPeppers",
    "Hash_Creator": "f99ed99a23cb86c36a3f1b07440a44cef95a8ae90c29083ee3fee9b8144cab5c",
    "Hash_Signed_Creator": "fUOTA+F88SvV0pbJCwe8f8b/VVLsQJ2yyPDZkTO2E+WxjPdGXwVEvcHWgT0ZZPgpSCixDTmrHxl7SnDIF3yWHgQg3DTy7VJE0xGBJ9DlQm6El6U1ynTQ7UAsmFQs3p6A5kyP2cXQD2SUlnXmmSzMn770OddibEKzNu/NFzSiL74\u003d",
    "Value_of_Previous_Hash": "0AC41147CFC90AF814DA1F7C25A54CB4BF09511396CB2B93F626716526324BEF",
    "Value_of_Winning_Hash": "397FA169DC86C40B603FF9A4EB4103C1488A27290AB1B80164FFC0DFB41BD97F",
    "Value_of_WinningSigned_Hash": "bjwZ8FvAQPZI2yaBQnM+w2sLPcweXarIOvACoaRWZDR45q+yfBA6cCMLtfKeLeiqazLGN9JK6X+KXI1UwBrlhOJ11oy9JD4mhCFZwwNccdEPGGuoLobg6VDbmh/PWzBLQsEflaW0TbZN/Pnb5aBeoi4xu+j+fPhweb/CFwX/VvQ\u003d",
    "ValueofRandomSeed": "NKYCBJ3Q",
    "Verify_process_ID": "0",
    "Creating_Process": "0"
  },
  {
    "IDofBlock": "585ae905-0157-4d18-bbdc-2a64802689f0",
    "RegisteredIDofBlock": "ZnJYCCo6X8e/g/1LmxxbReD5OE9M4O9grrrrM9H530LflQ8GWDxRcjWoHpXZB4J56zN6DnCsh8MEDGljTCLd1s7JVpePbXUiIxU5x/klLuCf0tVwXGyqs7A5/pj24ofUuNo1A9DTkrujplllvWaC4C4UB9UQBlEl2RwZ+qRsA2E\u003d",
    "timeStamp": "1667358826514.2",
    "B_Number": "9",
    "F_Name": "John",
    "L_Name": "Kennedy",
    "DOB": "1917.05.29",
    "ssn_Number": "333-45-6999",
    "Med_Diagnosis": "AddisonsDisease",
    "Med_Treatment": "DrugTherapy",
    "Med_Prex": "Steroids",
    "Hash_Creator": "5e580b1ad515215a16781a988207fb1d983f8d1a365c52fc91ecbea6214e65a6",
    "Hash_Signed_Creator": "UH5CLbxDggTY960KfD28gAuDaVHGQWToYiLZP7//b885qoGZhnR+Hd3lDHwZ7MrBXywaPxOVW6o4bmqWRXfIjbuVuQo6CHl9d4KlTKlwtUmIn4Ug5+cEOjY0S2iaLZKyOnkbcrgWcbgOoqTSni4epgGaJ2BZyQyCq5D+Ohj89Qw\u003d",
    "Value_of_Previous_Hash": "32B6CFED001DD223EBA649DD43D49E8BB724F467E4B8C5828F1BFDB658D58EFA",
    "Value_of_Winning_Hash": "0AC41147CFC90AF814DA1F7C25A54CB4BF09511396CB2B93F626716526324BEF",
    "Value_of_WinningSigned_Hash": "o1rsp4nnovP42IfWVfjYXaq6u3hQw2QYh/35lj+MYUhneDbCd6DMLQWBXdlUBjZ2MXolcxQb1Efo74kcUCam4WFNDlHiQ5W5ZWbHRXOC+zLm7Q/QLRPIzeU7Wu30pookVEmDZDdVYSjV7slnSczzO2Ia4tvSDpxm+JEqHdszaYc\u003d",
    "ValueofRandomSeed": "OD53FY5Q",
    "Verify_process_ID": "0",
    "Creating_Process": "2"
  },
  {
    "IDofBlock": "0cb1b36a-fd86-4686-b4f0-3ccfb3888d57",
    "RegisteredIDofBlock": "e20cSgvurBAqW9UPfqBQDjDqkQXZ/7HulJWuI/Q9MnHqk1MYgwYgeFRL0QqFjJ0PRwipQE5T3MID3+oVpSjw1qh7YXQWC37Q4tFYepcmaoo3WfUIZm/DRiGW3xR7yuxzQ7OK3xew17ZbrXLsYp+0bRhyaimz6GvXazOUYr30WUg\u003d",
    "timeStamp": "1667358825981.1",
    "B_Number": "8",
    "F_Name": "Sally",
    "L_Name": "McCutty",
    "DOB": "1970.01.01",
    "ssn_Number": "123-456-999",
    "Med_Diagnosis": "Migraine",
    "Med_Treatment": "IcePack",
    "Med_Prex": "Almotriptan",
    "Hash_Creator": "c91a9b7fcdf6376c63206fc0f49ad5ce2590b8b08d079616e2c17a944494c23e",
    "Hash_Signed_Creator": "IT/ceWGXzrq3lnX+s3b85j5hSJG3cAVl16v5xCar4yQzTK80AQ2k4zDCuq+8WpJmjA5kBy0KoyeTY+UxlC5RVfSgfyjeO4HBFQSRWX6mIo0rw7fwPn3xHmv2oJ5jHhgJXz6A4fhdZkdflCbBxLHY28v2ObjZKgwmmcGS87SGP7Q\u003d",
    "Value_of_Previous_Hash": "0B860E734E86019F18035BDB6F73A7E66159DD49AA2E1B38847514D860C5564F",
    "Value_of_Winning_Hash": "32B6CFED001DD223EBA649DD43D49E8BB724F467E4B8C5828F1BFDB658D58EFA",
    "Value_of_WinningSigned_Hash": "RBG6DzhF1KaE1AMsTG1dpkrwO8zr0y68G6aMz4Ncdc+6UvyKalz2Nk27imIl9Q9qaVZCXQU5DYr1f8XnzwZPGN0/XwqCLLuKMWx+m9qeUzxsc8/tB356g4/AxaGj3N0nYPl/WDV5BAoy+QUPGlmFbYS1fm0oDaWc1o9Q69LVsxM\u003d",
    "ValueofRandomSeed": "602SISJB",
    "Verify_process_ID": "1",
    "Creating_Process": "1"
  },
  {
    "IDofBlock": "9d72f5c1-9199-4249-8521-5756df12bb56",
    "RegisteredIDofBlock": "T/9rJFIfczGINvgXJONQo4NtCNiqAUZwN99sVX8HFL7cquYL+cYwghC/jKmynPHYOxsETXVBRF9Np/VIRZBLrTemaDrQxSAuaTmt9NnVyg6/ZNurRIuULLxJ+fc4DjpD0xcljEjt2RmX4U5lFCQX9xzg8bbqQhdNvSDC6HHOlb8\u003d",
    "timeStamp": "1667358825825.0",
    "B_Number": "7",
    "F_Name": "Joe",
    "L_Name": "Blow",
    "DOB": "1996.03.07",
    "ssn_Number": "123-45-6888",
    "Med_Diagnosis": "Smallpox",
    "Med_Treatment": "BedRest",
    "Med_Prex": "Whiskey",
    "Hash_Creator": "e64f0bb3c8c861195c83996d2e06f691f80febbfe4ff1bcb34389456ca2893a9",
    "Hash_Signed_Creator": "oLWkj96yV7w97i7uWYk3ZU8d2w0MtjvEp/w/4cIFrYRVUsghhyfH7M5cCSJmVe5/xzd8Ab259EB3cZL89mz6qPouK6TL0LJW/YVePb7Lex8z3xIqJsPD0lwzPafRh1LcEh7J5aJvEb4Vn90xQwqa46JLa6a3zQO9uFPXu/cUIjA\u003d",
    "Value_of_Previous_Hash": "2B5DF749F2B694940AD661497E1495CC37D93E9ABAAD043E64495D998ADD08DA",
    "Value_of_Winning_Hash": "0B860E734E86019F18035BDB6F73A7E66159DD49AA2E1B38847514D860C5564F",
    "Value_of_WinningSigned_Hash": "ox2pxzfieCUCXlddVGLgQDnL35mLpS+EAweLvhSHel9WhY8M53bOU/1PfGRHNjUUIS09Y8+BBt3PHuLxznBMVOyo9jMqE1Fn+b+Iq10ivVtGerKaMaNBXPlRlBxR3Zg88nksBJxwer2ADDaqelyyJ+wOzIC9BIo3WMiIFfOq6ds\u003d",
    "ValueofRandomSeed": "ECPXP90M",
    "Verify_process_ID": "0",
    "Creating_Process": "0"
  },
  {
    "IDofBlock": "385ae8d5-3f21-4097-8848-7b562d2468b7",
    "RegisteredIDofBlock": "NvsuWQGz+X38DU+WifnHs32qPNz/WnWZVKh0aDcvqgBHhY6uObDlAslUSO95jFs/49eUkjpZ9yOtydSRymDLKwP9MFCWCYmTtLGtQJHGz8/DHcDa+ut0qD/4iqKdUaOm3arHvyCjKSMCWM7yQs41MiMtaTceJpePf6PlhCVEEjA\u003d",
    "timeStamp": "1667358825498.2",
    "B_Number": "6",
    "F_Name": "Abraham",
    "L_Name": "Lincoln",
    "DOB": "1809.02.12",
    "ssn_Number": "444-45-6888",
    "Med_Diagnosis": "GreviousWound",
    "Med_Treatment": "Surgery",
    "Med_Prex": "Whiskey",
    "Hash_Creator": "a558df8b180a4fc930b668c85112989c1b52efc611bbd8abb885e99d7859154c",
    "Hash_Signed_Creator": "MIGZSoa9McNHxoU18MMe+gwCh0GxkspwAjHd1Po62Fktu6pMI5hjtWHsQF4DYkf0eMIZvj4SXM5kMOzMBe8Ijl/yA2hdFAuOnE5GaWNpsg0ABrWF+wA/Kqijk/7IO7U2KP3Zmdh44r6vGmN3wRtCxNlSgX5rIUVpI4B2iKqNAf8\u003d",
    "Value_of_Previous_Hash": "37C07EB45E26B5DD348BEF24887BB5D587AF18F672B1A2F1A9BA6A6949D63640",
    "Value_of_Winning_Hash": "2B5DF749F2B694940AD661497E1495CC37D93E9ABAAD043E64495D998ADD08DA",
    "Value_of_WinningSigned_Hash": "UbxiXyq67r6fJ5z6amfhnFOoDVrsFV4p0UosmSiKm9lPj91qSwvqRWfERAPhUroDTFWaHowITGneCSDqSMx8bKorEQUZc+gBM68JAlf/KXIoMFJMRzX8v9x1/EA+9AakcdDVyOG8df1e00o4FAgX9XZ5cQLQ4fLpjXYTHVjw74A\u003d",
    "ValueofRandomSeed": "RM76KLY0",
    "Verify_process_ID": "0",
    "Creating_Process": "2"
  },
  {
    "IDofBlock": "b26f79fa-824c-48ea-a418-acd9d571eb57",
    "RegisteredIDofBlock": "fDMfff/RQaQmg6HAL2gg/IyfRSYsazL1dc31R0e0dMn8gQLQt9oKhdggfQF7UvwAN5M/sHwaOGW0RhbKyV2m8PxqfmbDe3VdrDquajOb3BKVQCbgVKjoSGdlXtLbcOR0GYXV5gTQoF6YyEfm70hFmnbmmgoQAKpteUaxuvLO6Js\u003d",
    "timeStamp": "1667358824974.1",
    "B_Number": "5",
    "F_Name": "Wei",
    "L_Name": "Xu",
    "DOB": "1996.03.22",
    "ssn_Number": "123-456-333",
    "Med_Diagnosis": "Shingles",
    "Med_Treatment": "WaitForRelief",
    "Med_Prex": "Zovirax",
    "Hash_Creator": "91bd07e6beedae3ba2736afe1164808155a56adb21ac47ffc9a7b520389d657e",
    "Hash_Signed_Creator": "HZT4GMVT2nXZCvRYLF5fzpR6rEPD0L5WtwPbPBpIk//rBJ1VnSYRvWXc1loNCULkWhLK7mh5mnOVkW0xRgHKmVHvfqlU6z68uFfXYqOO/tDCUTTEO6XhtUFWg39PVpVIFxk9x1bvuAvHA5qxQOI4WS5CeTY8k0KYKkgWS51SaxU\u003d",
    "Value_of_Previous_Hash": "2ED11B5B48D319D41CD381070E166D81F5E0638B50B088A201D5621C7DF5D6CF",
    "Value_of_Winning_Hash": "37C07EB45E26B5DD348BEF24887BB5D587AF18F672B1A2F1A9BA6A6949D63640",
    "Value_of_WinningSigned_Hash": "Amjspf/XLNslow+KqZClyHMCQDp4WExPvH478n4e01PNJ1u43JGYgHJMC/1IqL0QZ0SpMybzeblkeMG59OxGLU0/8dmLnilZ/H+gzRUdvhb1bqG/uniVagvvtyqMGplHoHCZ5iD8sbP6JjynQL/OljyfFfkT/sOxwFPBWTb1Ay0\u003d",
    "ValueofRandomSeed": "EYPD6R94",
    "Verify_process_ID": "0",
    "Creating_Process": "1"
  },
  {
    "IDofBlock": "7103d6b6-8314-490c-a061-e23765cc4395",
    "RegisteredIDofBlock": "i9Fsstsu4QPeLmeoKsG2TlgFX0H7jj/TGOdYOuKBWHX4OiSXnpcID7DvB1KuzZo0D/bJOeQ/evEEAaxbpYE7Z+tsV8PSRl28xMvTMHE7IdtueAstujY1m8jksBzQbJN4EhVGvlndcxiql+cdfirtTYmsCOWfeL/8pBVt5Z/vxjU\u003d",
    "timeStamp": "1667358824794.0",
    "B_Number": "4",
    "F_Name": "John",
    "L_Name": "Smith",
    "DOB": "1996.03.07",
    "ssn_Number": "123-45-6789",
    "Med_Diagnosis": "Chickenpox",
    "Med_Treatment": "BedRest",
    "Med_Prex": "aspirin",
    "Hash_Creator": "b77ebf6d7bb231fbf9136c0969f1bcf606abd472b50e9e7c16e55f77ff9013f5",
    "Hash_Signed_Creator": "IpZRgisCptN5PX1gCFm5wnIJKqgahAsQyh8zm/RV61TR/+K5pP3Tg9k/5vtP8QdHr4UcM/Ilmd+GuBSGFTGDMUN0jNyisAwDidhJp8UkTk0ggEx1cPJ/xsjX8ogJCz+wHr4jQBW3aqbMoBi6uJ+M5lrORvXZRfkwGyMG6UZK+ZY\u003d",
    "Value_of_Previous_Hash": "078E78D066AA98DFDDB9E1604D0DD60D350580B472D42765D673835F365F2129",
    "Value_of_Winning_Hash": "2ED11B5B48D319D41CD381070E166D81F5E0638B50B088A201D5621C7DF5D6CF",
    "Value_of_WinningSigned_Hash": "GcxR7V2+XpT0jSV6lYXzXv6Kf07L47GucDLWHdcTP4qUm1OW8bf75olahtU7P8UoFLokTbv5UMN/2+J+SYVv2KP41rSgBXUVJ4wb+tonpn20um7+Z6nUG7QvbAZEIc740ptx4/wJth5EBPcxKa5D13cfRDkn3NQb7bjMEiGPDuY\u003d",
    "ValueofRandomSeed": "XFH0K0YK",
    "Verify_process_ID": "2",
    "Creating_Process": "0"
  },
  {
    "IDofBlock": "0e963179-15bf-4bde-a4c6-7053b303ae2d",
    "RegisteredIDofBlock": "M13lgjvl1haD20ZSKulRjqvpqJ9yFSQy8vxXwOiVm3TxKJiJPRTh9r2yqdOAxdLFRj4slh8+xDhKg4m5rZqrKATyWjLi95RE7Y4lJqnXOjFoC4jafb1TsFIChPP6hz9WOv45kQ38adq98WmkpoeQ09Q30Bcna8W+ytM/4xm4v5E\u003d",
    "timeStamp": "1667358824425.2",
    "B_Number": "3",
    "F_Name": "Helen",
    "L_Name": "Keller",
    "DOB": "1880.06.27",
    "ssn_Number": "666-45-6789",
    "Med_Diagnosis": "Arthritis",
    "Med_Treatment": "WarmCloths",
    "Med_Prex": "Aspirin",
    "Hash_Creator": "f6f4b743a5467bfd924a56073582b3c6edbfca7b81006bd17812d23758f2b0f2",
    "Hash_Signed_Creator": "nfjtQ75o8pX3hpYcD6gnvXZxbqoWEuK51KPUut0c0Rznkcd8dIUB3Fec5IyYtTCXlx+E1NqqAq3who/mxONxtTojww6FYzcGpTxS94YkYXZJ5+SpM2q4G1RNNQG8534Ao2sYYh5uIeJa0bBCX44wW8t4l9bXVlkg/+kkwqY6Cqo\u003d",
    "Value_of_Previous_Hash": "2332F27199C8041CC21F2BDA19A07C4F79ED1DF2715DF9E26E55FBADC20D7D10",
    "Value_of_Winning_Hash": "078E78D066AA98DFDDB9E1604D0DD60D350580B472D42765D673835F365F2129",
    "Value_of_WinningSigned_Hash": "g5+clRPHe9wK1gayvj03vAtrQ/kJDLNid8EtypFK1GineZz9PKiWnjt9jSSFcT77Rt2N7Iass1M5sd+9j6diXAWMqobiB9bOm5iYaCFge+t0IEXvx/HLA0RmwQfcCwK4nH/RVNCaIeIwYKgppRtwOHukwGGzjz4y1ZNjOHHFulk\u003d",
    "ValueofRandomSeed": "VQ2KIF6J",
    "Verify_process_ID": "2",
    "Creating_Process": "2"
  },
  {
    "IDofBlock": "b796ad24-cd13-4429-965f-b6e5104526ee",
    "RegisteredIDofBlock": "oB0UvYU0WFzeQvEhsFh7J+deY6kqhVUeUP8NUz8BtlTLxUSb08c51PA9kgucWfR+Npn6R+BI04Rlrlto8GwyeGq9WAF24C6L21dFmJKmjjnsJK0nKleq9YrcyYp+hZq6pRUhKTWgwnu47qz36e7CF4/SDpOvGCAgPKn6mAvrUVY\u003d",
    "timeStamp": "1667358823889.1",
    "B_Number": "2",
    "F_Name": "Rita",
    "L_Name": "Vita",
    "DOB": "1992.01.31",
    "ssn_Number": "999-456-789",
    "Med_Diagnosis": "ObessivePersonality",
    "Med_Treatment": "TryToRelax",
    "Med_Prex": "Ibuprofen",
    "Hash_Creator": "51cc88bdb47bb42fa9f6a6d8e3471287805363c52f862bd1aa82bedf9ba67893",
    "Hash_Signed_Creator": "nayamHZc2W8DCRLgOVXimCaar+NFTnQBm687cM7FkAbi2W/yerudZad5pUlytWOmK0EQImvIAxVpjUSZo7Ep5D9jT7oEz0QgIYpC+qTx79Eop1mwPt+ePzZm3m0o1HSMPDTUYgsjT+guUtW39eRmamT+rfSBFUoaVlQz+Fzc4zY\u003d",
    "Value_of_Previous_Hash": "d27b40d598722c108a29c2f8adf7694f60d449e08f805b25d989846c52b6b978",
    "Value_of_Winning_Hash": "2332F27199C8041CC21F2BDA19A07C4F79ED1DF2715DF9E26E55FBADC20D7D10",
    "Value_of_WinningSigned_Hash": "o1lVBZc7x7mrN93RutPv7/0HpbXqRH8qVw9p0nXCi5AOIz8XOQo/CgLUI8RDF7jUadYaobcjbubIW9B+DNqjPxTxbftP/Jfcc6+WjFbX1crgm0e9ZClk6pr5J7dPRHeaTYZhqM8kLtcBcnjurhxWemGZ5pufQBbQuBmOLwj0Hhs\u003d",
    "ValueofRandomSeed": "9WD5WRBR",
    "Verify_process_ID": "2",
    "Creating_Process": "1"
  },
  {
    "IDofBlock": "c58ec9a1-76c8-4248-81c4-11f813792e77",
    "timeStamp": "1667358824580.0",
    "B_Number": "1",
    "F_Name": "George",
    "L_Name": "Bushel",
    "DOB": "1890.10.10",
    "ssn_Number": "111-00-1111",
    "Med_Diagnosis": "Cancer",
    "Med_Treatment": "Chemotheraphy",
    "Med_Prex": "HealthyFood",
    "Value_of_Previous_Hash": "1111111111",
    "Value_of_Winning_Hash": "d27b40d598722c108a29c2f8adf7694f60d449e08f805b25d989846c52b6b978"
  }
]